#{"t_start": 1682135992.839638, "env_id": "SuperMarioBros-v0"}
r,l,t
-1260.0,24061,182.315619
